Fecha,Hora,Coincidencias
050718,214611,2180625
050718,214711,2180881
050718,214811,2181137
050718,214911,2181393
050718,215012,2183186
050718,215112,2183442
050718,215212,2183698
050718,215312,2183954
050718,215412,2184210
050718,215512,2184466
050718,215613,2184723
050718,215713,2184979
050718,215813,2185235
050718,215913,2185491
050718,220013,2228243
050718,220113,2228499
050718,220214,2228756
050718,220314,2229012
050718,220414,2229268
050718,220514,2229524
050718,220614,2229780
050718,220715,2230037
050718,220815,2230293
050718,220915,2230549
050718,221015,2232341
050718,221115,2232597
050718,221215,2232853
050718,221316,2233110
050718,221416,2233366
050718,221516,2233622
050718,221616,2233878
050718,221716,2234134
050718,221816,2234390
050718,221917,2234647
050718,222017,2236439
050718,222117,2236695
050718,222217,2236951
050718,222317,2237207
050718,222417,2237463
050718,222518,2237720
050718,222618,2237976
050718,222718,2238232
050718,222818,2238488
050718,222918,2238744
050718,223019,2240537
050718,223119,2240793
050718,223219,2241049
050718,223319,2241305
050718,223419,2241561
050718,223519,2241817
050718,223620,2242080
050718,223720,2242336
050718,223820,2242592
050718,223920,2242848
050718,224020,2244640
050718,224120,2244896
050718,224221,2245153
050718,224321,2245409
050718,224421,2245665
050718,224521,2245921
050718,224621,2246177
050718,224721,2246433
050718,224822,2246690
050718,224922,2246946
050718,225022,2248738
050718,225122,2248994
050718,225222,2249250
050718,225323,2249507
050718,225423,2249763
050718,225523,2250019
050718,225623,2250275
050718,225723,2250531
050718,225823,2250787
050718,225924,2251044
050718,230024,2293796
050718,230124,2294052
050718,230224,2294308
050718,230324,2294564
050718,230424,2294820
050718,230525,2295077
050718,230625,2295333
050718,230725,2295589
050718,230825,2295845
050718,230925,2296101
050718,231025,2297893
050718,231126,2298150
050718,231226,2298406
050718,231326,2298662
050718,231426,2298918
050718,231526,2299174
050718,231627,2299431
050718,231727,2299687
050718,231827,2299943
050718,231927,2300199
050718,232027,2301991
050718,232127,2302247
050718,232228,2302504
050718,232328,2302760
050718,232428,2303016
050718,232528,2303272
050718,232628,2303528
050718,232728,2303784
050718,232829,2304041
050718,232929,2304297
050718,233029,2306089
050718,233129,2306345
050718,233229,2306601
050718,233329,2306857
050718,233430,2307120
050718,233530,2307376
050718,233630,2307632
050718,233730,2307888
050718,233830,2308144
050718,233931,2308401
050718,234031,2310193
050718,234131,2310449
050718,234231,2310705
050718,234331,2310961
050718,234431,2311217
050718,234532,2311474
050718,234632,2311730
050718,234732,2311986
050718,234832,2312242
050718,234932,2312498
050718,235032,2314290
050718,235133,2314547
050718,235233,2314803
050718,235333,2315059
050718,235433,2315315
050718,235533,2315571
050718,235633,2315827
050718,235734,2316084
050718,235834,2316340
050718,235934,2316596
060718,000034,52
060718,000134,308
060718,000235,565
060718,000335,821
060718,000435,1077
060718,000535,1333
060718,000635,1589
060718,000735,1845
060718,000836,2102
060718,000936,2358
060718,001036,4150
060718,001136,4406
060718,001236,4662
060718,001336,4918
060718,001437,5175
060718,001537,5431
060718,001637,5687
060718,001737,5943
060718,001837,6199
060718,001937,6455
060718,002038,8248
060718,002138,8504
060718,002238,8760
060718,002338,9016
060718,002438,9272
060718,002539,9529
060718,002639,9785
060718,002739,10041
060718,002839,10297
060718,002939,10553
060718,003039,12345
060718,003140,12608
060718,003240,12864
060718,003340,13120
060718,003440,13376
060718,003540,13632
060718,003640,13888
060718,003741,14145
060718,003841,14401
060718,003941,14657
060718,004041,16449
060718,004141,16705
060718,004241,16961
060718,004342,17218
060718,004442,17474
060718,004542,17730
060718,004642,17986
060718,004742,18242
060718,004843,18499
060718,004943,18755
060718,005043,20547
060718,005143,20803
060718,005243,21059
060718,005343,21315
060718,005444,21572
060718,005544,21828
060718,005644,22084
060718,005744,22340
060718,005844,22596
060718,005944,22852
060718,010045,65605
060718,010145,65861
060718,010245,66117
060718,010345,66373
060718,010445,66629
060718,010545,66885
060718,010646,67142
060718,010746,67398
060718,010846,67654
060718,010946,67910
060718,011046,69702
060718,011147,69959
060718,011247,70215
060718,011347,70471
060718,011447,70727
060718,011547,70983
060718,011647,71239
060718,011748,71496
060718,011848,71752
060718,011948,72008
060718,012048,73800
060718,012148,74056
060718,012248,74312
060718,012349,74569
060718,012449,74825
060718,012549,75081
060718,012649,75337
060718,012749,75593
060718,012849,75849
060718,012950,76112
060718,013050,77904
060718,013150,78160
060718,013250,78416
060718,013350,78672
060718,013451,78929
060718,013551,79185
060718,013651,79441
060718,013751,79697
060718,013851,79953
060718,013951,80209
060718,014052,82002
060718,014152,82258
060718,014252,82514
060718,014352,82770
060718,014452,83026
060718,014552,83282
060718,014653,83539
060718,014753,83795
060718,014853,84051
060718,014953,84307
060718,015053,86099
060718,015153,86355
060718,015254,86612
060718,015354,86868
060718,015454,87124
060718,015554,87380
060718,015654,87636
060718,015755,87893
060718,015855,88149
060718,015955,88405
060718,020055,131157
060718,020155,131413
060718,020255,131669
060718,020356,131926
060718,020456,132182
060718,020556,132438
060718,020656,132694
060718,020756,132950
060718,020856,133206
060718,020957,133463
060718,021057,135255
060718,021157,135511
060718,021257,135767
060718,021357,136023
060718,021457,136279
060718,021558,136536
060718,021658,136792
060718,021758,137048
060718,021858,137304
060718,021958,137560
060718,022058,139352
060718,022159,139609
060718,022259,139865
060718,022359,140121
060718,022459,140377
060718,022559,140633
060718,022700,141056
060718,022800,141312
060718,022900,141568
060718,023000,143360
060718,023100,143616
060718,023200,143872
060718,023301,144129
060718,023401,144385
060718,023501,144641
060718,023601,144897
060718,023701,145153
060718,023801,145409
060718,023902,145666
060718,024002,147458
060718,024102,147714
060718,024202,147970
060718,024302,148226
060718,024402,148482
060718,024503,148739
060718,024603,148995
060718,024703,149251
060718,024803,149507
060718,024903,149763
060718,025004,151556
060718,025104,151812
060718,025204,152068
060718,025304,152324
060718,025404,152580
060718,025504,152836
060718,025605,153093
060718,025705,153349
060718,025805,153605
060718,025905,153861
060718,030005,196613
060718,030105,196869
060718,030206,197126
060718,030306,197382
060718,030406,197638
060718,030506,197894
060718,030606,198150
060718,030706,198406
060718,030807,198663
060718,030907,198919
060718,031007,200711
060718,031107,200967
060718,031207,201223
060718,031308,201480
060718,031408,201736
060718,031508,201992
060718,031608,202248
060718,031708,202504
060718,031808,202760
060718,031909,203017
060718,032009,204809
060718,032109,205065
060718,032209,205321
060718,032309,205577
060718,032409,205833
060718,032510,206096
060718,032610,206352
060718,032710,206608
060718,032810,206864
060718,032910,207120
060718,033010,208912
060718,033111,209169
060718,033211,209425
060718,033311,209681
060718,033411,209937
060718,033511,210193
060718,033612,210450
060718,033712,210706
060718,033812,210962
060718,033912,211218
060718,034012,213010
060718,034112,213266
060718,034213,213523
060718,034313,213779
060718,034413,214035
060718,034513,214291
060718,034613,214547
060718,034713,214803
060718,034814,215060
060718,034914,215316
060718,035014,217108
060718,035114,217364
060718,035214,217620
060718,035314,217876
060718,035415,218133
060718,035515,218389
060718,035615,218645
060718,035715,218901
060718,035815,219157
060718,035916,219414
060718,040016,262166
060718,040116,262422
060718,040216,262678
060718,040316,262934
060718,040416,263190
060718,040517,263447
060718,040617,263703
060718,040717,263959
060718,040817,264215
060718,040917,264471
060718,041017,266263
060718,041118,266520
060718,041218,266776
060718,041318,267032
060718,041418,267288
060718,041518,267544
060718,041618,267800
060718,041719,268057
060718,041819,268313
060718,041919,268569
060718,042019,270361
060718,042119,270617
060718,042220,270880
060718,042320,271136
060718,042420,271392
060718,042520,271648
060718,042620,271904
060718,042720,272160
060718,042821,272417
060718,042921,272673
060718,043021,274465
060718,043121,274721
060718,043221,274977
060718,043321,275233
060718,043422,275490
060718,043522,275746
060718,043622,276002
060718,043722,276258
060718,043822,276514
060718,043922,276770
060718,044023,278563
060718,044123,278819
060718,044223,279075
060718,044323,279331
060718,044423,279587
060718,044524,279844
060718,044624,280100
060718,044724,280356
060718,044824,280612
060718,044924,280868
060718,045024,282660
060718,045125,282917
060718,045225,283173
060718,045325,283429
060718,045425,283685
060718,045525,283941
060718,045625,284197
060718,045726,284454
060718,045826,284710
060718,045926,284966
060718,050026,327718
060718,050126,327974
060718,050226,328230
060718,050327,328487
060718,050427,328743
060718,050527,328999
060718,050627,329255
060718,050727,329511
060718,050828,329768
060718,050928,330024
060718,051028,331816
060718,051128,332072
060718,051228,332328
060718,051328,332584
060718,051429,332841
060718,051529,333097
060718,051629,333353
060718,051729,333609
060718,051829,333865
060718,051929,334121
060718,052030,335920
060718,052130,336176
060718,052230,336432
060718,052330,336688
060718,052430,336944
060718,052530,337200
060718,052631,337457
060718,052731,337713
060718,052831,337969
060718,052931,338225
060718,053031,340017
060718,053132,340274
060718,053232,340530
060718,053332,340786
060718,053432,341042
060718,053532,341298
060718,053632,341554
060718,053733,341811
060718,053833,342067
060718,053933,342323
060718,054033,344115
060718,054133,344371
060718,054233,344627
060718,054334,344884
060718,054434,345140
060718,054534,345396
060718,054634,345652
060718,054734,345908
060718,054834,346164
060718,054935,346421
060718,055035,348213
060718,055135,348469
060718,055235,348725
060718,055335,348981
060718,055436,349238
060718,055536,349494
060718,055636,349750
060718,055736,350006
060718,055836,350262
060718,055936,350518
060718,060037,393271
060718,060137,393527
060718,060237,393783
060718,060337,394039
060718,060437,394295
060718,060537,394551
060718,060638,394808
060718,060738,395064
060718,060838,395320
060718,060938,395576
060718,061038,397368
060718,061138,397624
060718,061239,397881
060718,061339,398137
060718,061439,398393
060718,061539,398649
060718,061639,398905
060718,061740,399168
060718,061840,399424
060718,061940,399680
060718,062040,401472
060718,062140,401728
060718,062240,401984
060718,062341,402241
060718,062441,402497
060718,062541,402753
060718,062641,403009
060718,062741,403265
060718,062841,403521
060718,062942,403778
060718,063042,405570
060718,063142,405826
060718,063242,406082
060718,063342,406338
060718,063442,406594
060718,192456,1647702
060718,192556,1647958
060718,192656,1648214
060718,192756,1648470
060718,192857,1648727
060718,192957,1648983
060718,193057,1650775
060718,193157,1651031
060718,193257,1651287
060718,193357,1651543
060718,193458,1651800
060718,193558,1652056
060718,193658,1652312
060718,193758,1652568
060718,193858,1652824
060718,193959,1653081
060718,194059,1654873
060718,194159,1655129
060718,194259,1655385
060718,194359,1655641
060718,194459,1655897
060718,194600,1656320
060718,194700,1656576
060718,194800,1656832
060718,194900,1657088
060718,195000,1658880
060718,195100,1659136
060718,195201,1659393
060718,195301,1659649
060718,195401,1659905
060718,195501,1660161
060718,195601,1660417
060718,195701,1660673
060718,195802,1660930
060718,195902,1661186
060718,200002,2097154
060718,200102,2097410
060718,200202,2097666
060718,200303,2097923
060718,200403,2098179
060718,200503,2098435
060718,200603,2098691
060718,200703,2098947
060718,200803,2099203
060718,200904,2099460
060718,201004,2101252
060718,201104,2101508
060718,201204,2101764
060718,201304,2102020
060718,201404,2102276
060718,201505,2102533
060718,201605,2102789
060718,201705,2103045
060718,201805,2103301
060718,201905,2103557
060718,202005,2105349
060718,202106,2105606
060718,202206,2105862
060718,202306,2106118
060718,202406,2106374
060718,202506,2106630
060718,202607,2106887
060718,202707,2107143
060718,202807,2107399
060718,202907,2107655
060718,203007,2109447
060718,203107,2109703
060718,203208,2109960
060718,203308,2110216
060718,203408,2110472
060718,203508,2110728
060718,203608,2110984
060718,203708,2111240
060718,203809,2111497
060718,203909,2111753
060718,204009,2113545
060718,204109,2113801
060718,204209,2114057
060718,204309,2114313
060718,204410,2114576
060718,204510,2114832
060718,204610,2115088
060718,204710,2115344
060718,204810,2115600
060718,204911,2115857
060718,205011,2117649
060718,205111,2117905
060718,205211,2118161
060718,205311,2118417
060718,205411,2118673
060718,205512,2118930
060718,205612,2119186
060718,205712,2119442
060718,205812,2119698
060718,205912,2119954
060718,210012,2162706
060718,210113,2162963
060718,210213,2163219
060718,210313,2163475
060718,210413,2163731
060718,210513,2163987
060718,210613,2164243
060718,210714,2164500
060718,210814,2164756
060718,210914,2165012
060718,211014,2166804
060718,211114,2167060
060718,211215,2167317
060718,211315,2167573
060718,211415,2167829
060718,211515,2168085
060718,211615,2168341
060718,211715,2168597
060718,211816,2168854
060718,211916,2169110
060718,212016,2170902
060718,212116,2171158
060718,212216,2171414
060718,212316,2171670
060718,212417,2171927
060718,212517,2172183
060718,212617,2172439
060718,212717,2172695
060718,212817,2172951
060718,212917,2173207
060718,213018,2175000
060718,213118,2175256
060718,213218,2175512
060718,213318,2175768
060718,213418,2176024
060718,213519,2176281
060718,213619,2176537
060718,213719,2176793
060718,213819,2177049
060718,213919,2177305
060718,214019,2179097
060718,214120,2179360
060718,214220,2179616
060718,214320,2179872
060718,214420,2180128
060718,214520,2180384
060718,214620,2180640
060718,214721,2180897
060718,214821,2181153
060718,214921,2181409
060718,215021,2183201
060718,215121,2183457
060718,215221,2183713
060718,215322,2183970
060718,215422,2184226
060718,215522,2184482
060718,215622,2184738
060718,215722,2184994
060718,215823,2185251
060718,215923,2185507
060718,220023,2228259
060718,220123,2228515
060718,220223,2228771
060718,220323,2229027
060718,220424,2229284
060718,220524,2229540
060718,220624,2229796
060718,220724,2230052
060718,220824,2230308
060718,220924,2230564
060718,221025,2232357
060718,221125,2232613
060718,221225,2232869
060718,221325,2233125
060718,221425,2233381
060718,221525,2233637
060718,221626,2233894
060718,221726,2234150
060718,221826,2234406
060718,221926,2234662
060718,222026,2236454
060718,222127,2236711
060718,222227,2236967
060718,222327,2237223
060718,222427,2237479
060718,222527,2237735
060718,222627,2237991
060718,222728,2238248
060718,222828,2238504
060718,222928,2238760
060718,223028,2240552
060718,223128,2240808
060718,223228,2241064
060718,223329,2241321
060718,223429,2241577
060718,223529,2241833
060718,223629,2242089
060718,223729,2242345
060718,223829,2242601
060718,223930,2242864
060718,224030,2244656
060718,224130,2244912
060718,224230,2245168
060718,224330,2245424
060718,224431,2245681
060718,224531,2245937
060718,224631,2246193
060718,224731,2246449
060718,224831,2246705
060718,224931,2246961
060718,225032,2248754
060718,225132,2249010
060718,225232,2249266
060718,225332,2249522
060718,225432,2249778
060718,225532,2250034
060718,225633,2250291
060718,225733,2250547
060718,225833,2250803
060718,225933,2251059
060718,230033,2293811
060718,230133,2294067
060718,230234,2294324
060718,230334,2294580
060718,230434,2294836
060718,230534,2295092
060718,230634,2295348
060718,230735,2295605
060718,230835,2295861
060718,230935,2296117
060718,231035,2297909
060718,231135,2298165
060718,231235,2298421
060718,231336,2298678
060718,231436,2298934
060718,231536,2299190
060718,231636,2299446
060718,231736,2299702
060718,231836,2299958
060718,231937,2300215
060718,232037,2302007
060718,232137,2302263
060718,232237,2302519
060718,232337,2302775
060718,232437,2303031
060718,232538,2303288
060718,232638,2303544
060718,232738,2303800
060718,232838,2304056
060718,232938,2304312
060718,233038,2306104
060718,233139,2306361
060718,233239,2306617
060718,233339,2306873
060718,233439,2307129
060718,233539,2307385
060718,233640,2307648
060718,233740,2307904
060718,233840,2308160
060718,233940,2308416
060718,234040,2310208
060718,234140,2310464
060718,234241,2310721
060718,234341,2310977
060718,234441,2311233
060718,234541,2311489
060718,234641,2311745
060718,234741,2312001
060718,234842,2312258
060718,234942,2312514
060718,235042,2314306
060718,235142,2314562
060718,235242,2314818
060718,235342,2315074
060718,235443,2315331
060718,235543,2315587
060718,235643,2315843
060718,235743,2316099
060718,235843,2316355
060718,235944,2316612
070718,000044,68
070718,000144,324
070718,000244,580
070718,000344,836
070718,000444,1092
070718,000545,1349
070718,000645,1605
070718,000745,1861
070718,000845,2117
070718,000945,2373
070718,001045,4165
070718,001146,4422
070718,001246,4678
070718,001346,4934
070718,001446,5190
070718,001546,5446
070718,001646,5702
070718,001747,5959
070718,001847,6215
070718,001947,6471
070718,002047,8263
070718,002147,8519
070718,002248,8776
070718,002348,9032
070718,002448,9288
070718,002548,9544
070718,002648,9800
070718,002748,10056
070718,002849,10313
070718,002949,10569
070718,003049,12361
070718,003149,12617
070718,003249,12873
070718,003349,13129
070718,003450,13392
070718,003550,13648
070718,003650,13904
070718,003750,14160
070718,003850,14416
070718,003950,14672
070718,004051,16465
070718,004151,16721
070718,004251,16977
070718,004351,17233
070718,004451,17489
070718,004552,17746
070718,004652,18002
070718,004752,18258
070718,004852,18514
070718,004952,18770
070718,005052,20562
070718,005153,20819
070718,005253,21075
070718,005353,21331
070718,005453,21587
070718,005553,21843
070718,005653,22099
070718,005754,22356
070718,005854,22612
070718,005954,22868
070718,010054,65620
070718,010154,65876
070718,010254,66132
070718,010355,66389
070718,010455,66645
070718,010555,66901
070718,010655,67157
070718,010755,67413
070718,010856,67670
070718,010956,67926
070718,011056,69718
070718,011156,69974
070718,011256,70230
070718,011356,70486
070718,011457,70743
070718,011557,70999
070718,011657,71255
070718,011757,71511
070718,011857,71767
070718,011957,72023
070718,012058,73816
070718,012158,74072
070718,012258,74328
070718,012358,74584
070718,012458,74840
070718,012558,75096
070718,012659,75353
070718,012759,75609
070718,012859,75865
070718,012959,76121
070718,013059,77913
070718,013200,78336
070718,013300,78592
070718,013400,78848
070718,013500,79104
070718,013600,79360
070718,013700,79616
070718,013801,79873
070718,013901,80129
070718,014001,81921
070718,014101,82177
070718,014201,82433
070718,014301,82689
070718,014402,82946
070718,014502,83202
070718,014602,83458
070718,014702,83714
070718,014802,83970
070718,014902,84226
070718,015003,86019
070718,015103,86275
070718,015203,86531
070718,015303,86787
070718,015403,87043
070718,015504,87300
070718,015604,87556
070718,015704,87812
070718,015804,88068
070718,015904,88324
070718,020004,131076
070718,020105,131333
070718,020205,131589
070718,020305,131845
070718,020405,132101
070718,020505,132357
070718,020605,132613
070718,020706,132870
070718,020806,133126
070718,020906,133382
070718,021006,135174
070718,021106,135430
070718,021206,135686
070718,021307,135943
070718,021407,136199
070718,021507,136455
070718,021607,136711
070718,021707,136967
070718,021808,137224
070718,021908,137480
070718,022008,139272
070718,022108,139528
070718,022208,139784
070718,022308,140040
070718,022409,140297
070718,022509,140553
070718,022609,140809
070718,022709,141065
070718,022809,141321
070718,022909,141577
070718,023010,143376
070718,023110,143632
070718,023210,143888
070718,023310,144144
070718,023410,144400
070718,023510,144656
070718,023611,144913
070718,023711,145169
070718,023811,145425
070718,023911,145681
070718,024011,147473
070718,024112,147730
070718,024212,147986
070718,024312,148242
070718,024412,148498
070718,024512,148754
070718,024612,149010
070718,024713,149267
070718,024813,149523
070718,024913,149779
070718,025013,151571
070718,025113,151827
070718,025213,152083
070718,025314,152340
070718,025414,152596
070718,025514,152852
070718,025614,153108
070718,025714,153364
070718,025814,153620
070718,025915,153877
070718,030015,196629
070718,030115,196885
070718,030215,197141
070718,030315,197397
070718,030416,197654
070718,030516,197910
070718,030616,198166
070718,030716,198422
070718,030816,198678
070718,030916,198934
070718,031017,200727
070718,031117,200983
070718,031217,201239
070718,031317,201495
070718,031417,201751
070718,031517,202007
070718,031618,202264
070718,031718,202520
070718,031818,202776
070718,031918,203032
070718,032018,204824
070718,032118,205080
070718,032219,205337
070718,032319,205593
070718,032419,205849
070718,032519,206105
070718,032619,206361
070718,032720,206624
070718,032820,206880
070718,032920,207136
070718,033020,208928
070718,033120,209184
070718,033220,209440
070718,033321,209697
070718,033421,209953
070718,033521,210209
070718,033621,210465
070718,033721,210721
070718,033821,210977
070718,033922,211234
070718,034022,213026
070718,034122,213282
070718,034222,213538
070718,034322,213794
070718,034422,214050
070718,034523,214307
070718,034623,214563
070718,034723,214819
070718,034823,215075
070718,034923,215331
070718,035023,217123
070718,035124,217380
070718,035224,217636
070718,035324,217892
070718,035424,218148
070718,035524,218404
070718,035625,218661
070718,035725,218917
070718,035825,219173
070718,035925,219429
070718,040025,262181
070718,040125,262437
070718,040226,262694
070718,040326,262950
070718,040426,263206
070718,040526,263462
070718,040626,263718
070718,040726,263974
070718,040827,264231
070718,040927,264487
070718,041027,266279
070718,041127,266535
070718,041227,266791
070718,041327,267047
070718,041428,267304
070718,041528,267560
070718,041628,267816
070718,041728,268072
070718,041828,268328
070718,041929,268585
070718,042029,270377
070718,042129,270633
070718,042229,270889
070718,042329,271145
070718,042429,271401
070718,042530,271664
070718,042630,271920
070718,042730,272176
070718,042830,272432
070718,042930,272688
070718,043030,274480
070718,043131,274737
070718,043231,274993
070718,043331,275249
070718,043431,275505
070718,043531,275761
070718,043631,276017
070718,043732,276274
070718,043832,276530
070718,043932,276786
070718,044032,278578
070718,044132,278834
070718,044233,279091
070718,044333,279347
070718,044433,279603
070718,044533,279859
070718,044633,280115
070718,044733,280371
070718,044834,280628
070718,044934,280884
070718,045034,282676
070718,045134,282932
070718,045234,283188
070718,045334,283444
070718,045435,283701
070718,045535,283957
070718,045635,284213
070718,045735,284469
070718,045835,284725
070718,045935,284981
070718,050036,327734
070718,050136,327990
070718,050236,328246
070718,050336,328502
070718,050436,328758
070718,050537,329015
070718,050637,329271
070718,050737,329527
070718,050837,329783
070718,050937,330039
070718,051037,331831
070718,051138,332088
070718,051238,332344
070718,051338,332600
070718,051438,332856
070718,051538,333112
070718,051638,333368
070718,051739,333625
070718,051839,333881
070718,051939,334137
070718,052039,335929
070718,052139,336185
070718,052239,336441
070718,052340,336704
070718,052440,336960
070718,052540,337216
070718,052640,337472
070718,052740,337728
070718,052841,337985
070718,052941,338241
070718,053041,340033
070718,053141,340289
070718,053241,340545
070718,053341,340801
070718,053442,341058
070718,053542,341314
070718,053642,341570
070718,053742,341826
070718,053842,342082
070718,053942,342338
070718,054043,344131
070718,054143,344387
070718,054243,344643
070718,054343,344899
070718,054443,345155
070718,054543,345411
070718,054644,345668
070718,054744,345924
070718,054844,346180
070718,054944,346436
070718,055044,348228
070718,055145,348485
070718,055245,348741
070718,055345,348997
070718,055445,349253
070718,055545,349509
070718,055645,349765
070718,055746,350022
070718,055846,350278
070718,055946,350534
070718,060046,393286
070718,060146,393542
070718,060246,393798
070718,060347,394055
070718,060447,394311
070718,060547,394567
070718,060647,394823
070718,060747,395079
070718,060847,395335
070718,060948,395592
070718,061048,397384
070718,061148,397640
070718,061248,397896
070718,061348,398152
070718,061449,398409
070718,061549,398665
070718,061649,398921
070718,061749,399177
070718,061849,399433
070718,061949,399689
070718,062050,401488
070718,062150,401744
070718,062250,402000
070718,062350,402256
070718,062450,402512
070718,062550,402768
070718,062651,403025
070718,062751,403281
070718,062851,403537
070718,062951,403793
070718,063051,405585
070718,063151,405841
070718,063252,406098
070718,063352,406354
070718,063452,406610
070718,192505,1647877
070718,192606,1648134
070718,192706,1648390
070718,192806,1648646
070718,192906,1648902
070718,193006,1650694
070718,193107,1650951
070718,193207,1651207
070718,193307,1651463
070718,193407,1651719
070718,193507,1651975
070718,193607,1652231
070718,193708,1652488
070718,193808,1652744
070718,193908,1653000
070718,194008,1654792
070718,194108,1655048
070718,194208,1655304
070718,194309,1655561
070718,194409,1655817
070718,194509,1656073
070718,194609,1656329
070718,194709,1656585
070718,194809,1656841
070718,194910,1657104
070718,195010,1658896
070718,195110,1659152
070718,195210,1659408
070718,195310,1659664
070718,195410,1659920
070718,195511,1660177
070718,195611,1660433
070718,195711,1660689
070718,195811,1660945
070718,195911,1661201
070718,200012,2097170
070718,200112,2097426
070718,200212,2097682
070718,200312,2097938
070718,200412,2098194
070718,200512,2098450
070718,200613,2098707
070718,200713,2098963
070718,200813,2099219
070718,200913,2099475
070718,201013,2101267
070718,201113,2101523
070718,201214,2101780
070718,201314,2102036
070718,201414,2102292
070718,201514,2102548
070718,201614,2102804
070718,201715,2103061
070718,201815,2103317
070718,201915,2103573
070718,202015,2105365
070718,202115,2105621
070718,202215,2105877
070718,202316,2106134
070718,202416,2106390
070718,202516,2106646
070718,202616,2106902
070718,202716,2107158
070718,202816,2107414
070718,202917,2107671
070718,203017,2109463
070718,203117,2109719
070718,203217,2109975
070718,203317,2110231
070718,203417,2110487
070718,203518,2110744
070718,203618,2111000
070718,203718,2111256
070718,203818,2111512
070718,203918,2111768
070718,204019,2113561
070718,204119,2113817
070718,204219,2114073
070718,204319,2114329
070718,204419,2114585
070718,204519,2114841
070718,204620,2115104
070718,204720,2115360
070718,204820,2115616
070718,204920,2115872
070718,205020,2117664
070718,205120,2117920
070718,205221,2118177
070718,205321,2118433
070718,205421,2118689
070718,205521,2118945
070718,205621,2119201
070718,205721,2119457
070718,205822,2119714
070718,205922,2119970
070718,210022,2162722
070718,210122,2162978
070718,210222,2163234
070718,210322,2163490
070718,210423,2163747
070718,210523,2164003
070718,210623,2164259
070718,210723,2164515
070718,210823,2164771
070718,210924,2165028
070718,211024,2166820
070718,211124,2167076
070718,211224,2167332
070718,211324,2167588
070718,211424,2167844
070718,211525,2168101
070718,211625,2168357
070718,211725,2168613
070718,211825,2168869
070718,211925,2169125
070718,212025,2170917
070718,212126,2171174
070718,212226,2171430
070718,212326,2171686
070718,212426,2171942
070718,212526,2172198
070718,212626,2172454
070718,212727,2172711
070718,212827,2172967
070718,212927,2173223
070718,213027,2175015
070718,213127,2175271
070718,213228,2175528
070718,213328,2175784
070718,213428,2176040
070718,213528,2176296
070718,213628,2176552
070718,213728,2176808
070718,213829,2177065
070718,213929,2177321
070718,214029,2179113
070718,214129,2179369
070718,214229,2179625
070718,214329,2179881
070718,214430,2180144
070718,214530,2180400
070718,214630,2180656
070718,214730,2180912
070718,214830,2181168
070718,214930,2181424
070718,215031,2183217
070718,215131,2183473
070718,215231,2183729
070718,215331,2183985
070718,215431,2184241
070718,215532,2184498
070718,215632,2184754
070718,215732,2185010
070718,215832,2185266
070718,215932,2185522
070718,220032,2228274
070718,220133,2228531
070718,220233,2228787
070718,220333,2229043
070718,220433,2229299
070718,220533,2229555
070718,220633,2229811
070718,220734,2230068
070718,220834,2230324
070718,220934,2230580
070718,221034,2232372
070718,221134,2232628
070718,221234,2232884
070718,221335,2233141
070718,221435,2233397
070718,221535,2233653
070718,221635,2233909
070718,221735,2234165
070718,221836,2234422
070718,221936,2234678
070718,222036,2236470
070718,222136,2236726
070718,222236,2236982
070718,222336,2237238
070718,222437,2237495
070718,222537,2237751
070718,222637,2238007
070718,222737,2238263
070718,222837,2238519
070718,222937,2238775
070718,223038,2240568
070718,223138,2240824
070718,223238,2241080
070718,223338,2241336
070718,223438,2241592
070718,223538,2241848
070718,223639,2242105
070718,223739,2242361
070718,223839,2242617
070718,223939,2242873
070718,224039,2244665
070718,224140,2244928
070718,224240,2245184
070718,224340,2245440
070718,224440,2245696
070718,224540,2245952
070718,224640,2246208
070718,224741,2246465
070718,224841,2246721
070718,224941,2246977
070718,225041,2248769
070718,225141,2249025
070718,225241,2249281
070718,225342,2249538
070718,225442,2249794
070718,225542,2250050
070718,225642,2250306
070718,225742,2250562
070718,225842,2250818
070718,225943,2251075
070718,230043,2293827
070718,230143,2294083
070718,230243,2294339
070718,230343,2294595
070718,230444,2294852
070718,230544,2295108
070718,230644,2295364
070718,230744,2295620
070718,230844,2295876
070718,230944,2296132
070718,231045,2297925
070718,231145,2298181
070718,231245,2298437
070718,231345,2298693
070718,231445,2298949
070718,231545,2299205
070718,231646,2299462
070718,231746,2299718
070718,231846,2299974
070718,231946,2300230
070718,232046,2302022
070718,232146,2302278
070718,232247,2302535
070718,232347,2302791
070718,232447,2303047
070718,232547,2303303
070718,232647,2303559
070718,232748,2303816
070718,232848,2304072
070718,232948,2304328
070718,233048,2306120
070718,233148,2306376
070718,233248,2306632
070718,233349,2306889
070718,233449,2307145
070718,233549,2307401
070718,233649,2307657
070718,233749,2307913
070718,233849,2308169
070718,233950,2308432
070718,234050,2310224
070718,234150,2310480
070718,234250,2310736
070718,234350,2310992
070718,234450,2311248
070718,234551,2311505
070718,234651,2311761
070718,234751,2312017
070718,234851,2312273
070718,234951,2312529
070718,235052,2314322
070718,235152,2314578
070718,235252,2314834
070718,235352,2315090
070718,235452,2315346
070718,235552,2315602
070718,235653,2315859
070718,235753,2316115
070718,235853,2316371
070718,235953,2316627
080718,000053,83
080718,000153,339
080718,000254,596
080718,000354,852
080718,000454,1108
080718,000554,1364
080718,000654,1620
080718,000754,1876
080718,000855,2133
080718,000955,2389
080718,001055,4181
080718,001155,4437
080718,001255,4693
080718,001356,4950
080718,001456,5206
080718,001556,5462
080718,001656,5718
080718,001756,5974
080718,001856,6230
080718,001957,6487
080718,002057,8279
080718,002157,8535
080718,002257,8791
080718,002357,9047
080718,002457,9303
080718,002558,9560
080718,002658,9816
080718,002758,10072
080718,002858,10328
080718,002958,10584
080718,003058,12376
080718,003159,12633
080718,003259,12889
080718,003359,13145
080718,003459,13401
080718,003559,13657
080718,003700,14080
080718,003800,14336
080718,003900,14592
080718,004000,16384
080718,004100,16640
080718,004200,16896
080718,004301,17153
080718,004401,17409
080718,004501,17665
080718,004601,17921
080718,004701,18177
080718,004801,18433
080718,004902,18690
080718,005002,20482
080718,005102,20738
080718,005202,20994
080718,005302,21250
080718,005402,21506
080718,005503,21763
080718,005603,22019
080718,005703,22275
080718,005803,22531
080718,005903,22787
080718,010004,65540
080718,010104,65796
080718,010204,66052
080718,010304,66308
080718,010404,66564
080718,010504,66820
080718,010605,67077
080718,010705,67333
080718,010805,67589
080718,010905,67845
080718,011005,69637
080718,011105,69893
080718,011206,70150
080718,011306,70406
080718,011406,70662
080718,011506,70918
080718,011606,71174
080718,011706,71430
080718,011807,71687
080718,011907,71943
080718,012007,73735
080718,012107,73991
080718,012207,74247
080718,012307,74503
080718,012408,74760
080718,012508,75016
080718,012608,75272
080718,012708,75528
080718,012808,75784
080718,012909,76041
080718,013009,77833
080718,013109,78089
080718,013209,78345
080718,013309,78601
080718,013409,78857
080718,013510,79120
080718,013610,79376
080718,013710,79632
080718,013810,79888
080718,013910,80144
080718,014010,81936
080718,014111,82193
080718,014211,82449
080718,014311,82705
080718,014411,82961
080718,014511,83217
080718,014611,83473
080718,014712,83730
080718,014812,83986
080718,014912,84242
080718,015012,86034
080718,015112,86290
080718,015213,86547
080718,015313,86803
080718,015413,87059
080718,015513,87315
080718,015613,87571
080718,015713,87827
080718,015814,88084
080718,015914,88340
080718,020014,131092
080718,020114,131348
080718,020214,131604
080718,020314,131860
080718,020415,132117
080718,020515,132373
080718,020615,132629
080718,020715,132885
080718,020815,133141
080718,020915,133397
080718,021016,135190
080718,021116,135446
080718,021216,135702
080718,021316,135958
080718,021416,136214
080718,021517,136471
080718,021617,136727
080718,021717,136983
080718,021817,137239
080718,021917,137495
080718,022017,139287
080718,022118,139544
080718,022218,139800
080718,022318,140056
080718,022418,140312
080718,022518,140568
080718,022618,140824
080718,022719,141081
080718,022819,141337
080718,022919,141593
080718,023019,143385
080718,023119,143641
080718,023219,143897
080718,023320,144160
080718,023420,144416
080718,023520,144672
080718,023620,144928
080718,023720,145184
080718,023821,145441
080718,023921,145697
080718,024021,147489
080718,024121,147745
080718,024221,148001
080718,024321,148257
080718,024422,148514
080718,024522,148770
080718,024622,149026
080718,024722,149282
080718,024822,149538
080718,024922,149794
080718,025023,151587
080718,025123,151843
080718,025223,152099
080718,025323,152355
080718,025423,152611
080718,025523,152867
080718,025624,153124
080718,025724,153380
080718,025824,153636
080718,025924,153892
080718,030024,196644
080718,030125,196901
080718,030225,197157
080718,030325,197413
080718,030425,197669
080718,030525,197925
080718,030625,198181
080718,030726,198438
080718,030826,198694
080718,030926,198950
080718,031026,200742
080718,031126,200998
080718,031226,201254
080718,031327,201511
080718,031427,201767
080718,031527,202023
080718,031627,202279
080718,031727,202535
080718,031827,202791
080718,031928,203048
080718,032028,204840
080718,032128,205096
080718,032228,205352
080718,032328,205608
080718,032429,205865
080718,032529,206121
080718,032629,206377
080718,032729,206633
080718,032829,206889
080718,032929,207145
080718,033030,208944
080718,033130,209200
080718,033230,209456
080718,033330,209712
080718,033430,209968
080718,033530,210224
080718,033631,210481
080718,033731,210737
080718,033831,210993
080718,033931,211249
080718,034031,213041
080718,034131,213297
080718,034232,213554
080718,034332,213810
080718,034432,214066
080718,034532,214322
080718,034632,214578
080718,034733,214835
080718,034833,215091
080718,034933,215347
080718,035033,217139
080718,035133,217395
080718,035233,217651
080718,035334,217908
080718,035434,218164
080718,035534,218420
080718,035634,218676
080718,035734,218932
080718,035834,219188
080718,035935,219445
080718,040035,262197
080718,040135,262453
080718,040235,262709
080718,040335,262965
080718,040435,263221
080718,040536,263478
080718,040636,263734
080718,040736,263990
080718,040836,264246
080718,040936,264502
080718,041037,266295
080718,041137,266551
080718,041237,266807
080718,041337,267063
080718,041437,267319
080718,041537,267575
080718,041638,267832
080718,041738,268088
080718,041838,268344
080718,041938,268600
080718,042038,270392
080718,042138,270648
080718,042239,270905
080718,042339,271161
080718,042439,271417
080718,042539,271673
080718,042639,271929
080718,042739,272185
080718,042840,272448
080718,042940,272704
080718,043040,274496
080718,043140,274752
080718,043240,275008
080718,043341,275265
080718,043441,275521
080718,043541,275777
080718,043641,276033
080718,043741,276289
080718,043841,276545
080718,043942,276802
080718,044042,278594
080718,044142,278850
080718,044242,279106
080718,044342,279362
080718,044442,279618
080718,044543,279875
080718,044643,280131
080718,044743,280387
080718,044843,280643
080718,044943,280899
080718,045043,282691
080718,045144,282948
080718,045244,283204
080718,045344,283460
080718,045444,283716
080718,045544,283972
080718,045645,284229
080718,045745,284485
080718,045845,284741
080718,045945,284997
080718,050045,327749
080718,050145,328005
080718,050246,328262
080718,050346,328518
080718,050446,328774
080718,050546,329030
080718,050646,329286
080718,050746,329542
080718,050847,329799
080718,050947,330055
080718,051047,331847
080718,051147,332103
080718,051247,332359
080718,051347,332615
080718,051448,332872
080718,051548,333128
080718,051648,333384
080718,051748,333640
080718,051848,333896
080718,051949,334153
080718,052049,335945
080718,052149,336201
080718,052249,336457
080718,052349,336713
080718,052449,336969
080718,052550,337232
080718,052650,337488
080718,052750,337744
080718,052850,338000
080718,052950,338256
080718,053050,340048
080718,053151,340305
080718,053251,340561
080718,053351,340817
080718,053451,341073
080718,053551,341329
080718,053651,341585
080718,053752,341842
080718,053852,342098
080718,053952,342354
080718,054052,344146
080718,054152,344402
080718,054252,344658
080718,054353,344915
080718,054453,345171
080718,054553,345427
080718,054653,345683
080718,054753,345939
080718,054854,346196
080718,054954,346452
080718,055054,348244
080718,055154,348500
080718,055254,348756
080718,055354,349012
080718,055455,349269
080718,055555,349525
080718,055655,349781
080718,055755,350037
080718,055855,350293
080718,055955,350549
080718,060056,393302
080718,060156,393558
080718,060256,393814
080718,060356,394070
080718,060456,394326
080718,060556,394582
080718,060657,394839
080718,060757,395095
080718,060857,395351
080718,060957,395607
080718,061057,397399
080718,061158,397656
080718,061258,397912
080718,061358,398168
080718,061458,398424
080718,061558,398680
080718,061658,398936
080718,061759,399193
080718,061859,399449
080718,061959,399705
080718,062059,401497
080718,062159,401753
080718,062259,402009
080718,062400,402432
080718,062500,402688
080718,062600,402944
080718,062700,403200
080718,062800,403456
080718,062900,403712
080718,063001,405505
080718,063101,405761
080718,063201,406017
080718,063301,406273
080718,063401,406529
080718,192515,1647893
080718,192615,1648149
080718,192715,1648405
080718,192816,1648662
080718,192916,1648918
080718,193016,1650710
080718,193116,1650966
080718,193216,1651222
080718,193316,1651478
080718,193417,1651735
080718,193517,1651991
080718,193617,1652247
080718,193717,1652503
080718,193817,1652759
080718,193917,1653015
080718,194018,1654808
080718,194118,1655064
080718,194218,1655320
080718,194318,1655576
080718,194418,1655832
080718,194518,1656088
080718,194619,1656345
080718,194719,1656601
080718,194819,1656857
080718,194919,1657113
080718,195019,1658905
080718,195120,1659168
080718,195220,1659424
080718,195320,1659680
080718,195420,1659936
080718,195520,1660192
080718,195620,1660448
080718,195721,1660705
080718,195821,1660961
080718,195921,1661217
080718,200021,2097185
080718,200121,2097441
080718,200221,2097697
080718,200322,2097954
080718,200422,2098210
080718,200522,2098466
080718,200622,2098722
080718,200722,2098978
080718,200822,2099234
080718,200923,2099491
080718,201023,2101283
080718,201123,2101539
080718,201223,2101795
080718,201323,2102051
080718,201424,2102308
080718,201524,2102564
080718,201624,2102820
080718,201724,2103076
080718,201824,2103332
080718,201924,2103588
080718,202025,2105381
080718,202125,2105637
080718,202225,2105893
080718,202325,2106149
080718,202425,2106405
080718,202525,2106661
080718,202626,2106918
080718,202726,2107174
080718,202826,2107430
080718,202926,2107686
080718,203026,2109478
080718,203126,2109734
080718,203227,2109991
080718,203327,2110247
080718,203427,2110503
080718,203527,2110759
080718,203627,2111015
080718,203728,2111272
080718,203828,2111528
080718,203928,2111784
080718,204028,2113576
080718,204128,2113832
080718,204228,2114088
080718,204329,2114345
080718,204429,2114601
080718,204529,2114857
080718,204629,2115113
080718,204729,2115369
080718,204829,2115625
080718,204930,2115888
080718,205030,2117680
080718,205130,2117936
080718,205230,2118192
080718,205330,2118448
080718,205430,2118704
080718,205531,2118961
080718,205631,2119217
080718,205731,2119473
080718,205831,2119729
080718,205931,2119985
080718,210032,2162738
080718,210132,2162994
080718,210232,2163250
080718,210332,2163506
080718,210432,2163762
080718,210532,2164018
080718,210633,2164275
080718,210733,2164531
080718,210833,2164787
080718,210933,2165043
080718,211033,2166835
080718,211133,2167091
080718,211234,2167348
080718,211334,2167604
080718,211434,2167860
080718,211534,2168116
080718,211634,2168372
080718,211734,2168628
080718,211835,2168885
080718,211935,2169141
080718,212035,2170933
080718,212135,2171189
080718,212235,2171445
080718,212335,2171701
080718,212436,2171958
080718,212536,2172214
080718,212636,2172470
080718,212736,2172726
080718,212836,2172982
080718,212937,2173239
080718,213037,2175031
080718,213137,2175287
080718,213237,2175543
080718,213337,2175799
080718,213437,2176055
080718,213538,2176312
080718,213638,2176568
080718,213738,2176824
080718,213838,2177080
080718,213938,2177336
080718,214038,2179128
080718,214139,2179385
080718,214239,2179641
080718,214339,2179897
080718,214439,2180153
080718,214539,2180409
080718,214639,2180665
080718,214740,2180928
080718,214840,2181184
080718,214940,2181440
080718,215040,2183232
080718,215140,2183488
080718,215241,2183745
080718,215341,2184001
080718,215441,2184257
080718,215541,2184513
080718,215641,2184769
080718,215741,2185025
080718,215842,2185282
080718,215942,2185538
080718,220042,2228290
080718,220142,2228546
080718,220242,2228802
080718,220342,2229058
080718,220443,2229315
080718,220543,2229571
080718,220643,2229827
080718,220743,2230083
080718,220843,2230339
080718,220943,2230595
080718,221044,2232388
080718,221144,2232644
080718,221244,2232900
080718,221344,2233156
080718,221444,2233412
080718,221545,2233669
080718,221645,2233925
080718,221745,2234181
080718,221845,2234437
080718,221945,2234693
080718,222045,2236485
080718,222146,2236742
080718,222246,2236998
080718,222346,2237254
080718,222446,2237510
080718,222546,2237766
080718,222646,2238022
080718,222747,2238279
080718,222847,2238535
080718,222947,2238791
080718,223047,2240583
080718,223147,2240839
080718,223247,2241095
080718,223348,2241352
080718,223448,2241608
080718,223548,2241864
080718,223648,2242120
080718,223748,2242376
080718,223849,2242633
080718,223949,2242889
080718,224049,2244681
080718,224149,2244937
080718,224249,2245193
080718,224349,2245449
080718,224450,2245712
080718,224550,2245968
080718,224650,2246224
080718,224750,2246480
080718,224850,2246736
080718,224950,2246992
080718,225051,2248785
080718,225151,2249041
080718,225251,2249297
080718,225351,2249553
080718,225451,2249809
080718,225551,2250065
080718,225652,2250322
080718,225752,2250578
080718,225852,2250834
080718,225952,2251090
080718,230052,2293842
080718,230153,2294099
080718,230253,2294355
080718,230353,2294611
080718,230453,2294867
080718,230553,2295123
080718,230653,2295379
080718,230754,2295636
080718,230854,2295892
080718,230954,2296148
080718,231054,2297940
080718,231154,2298196
080718,231254,2298452
080718,231355,2298709
080718,231455,2298965
080718,231555,2299221
080718,231655,2299477
080718,231755,2299733
080718,231855,2299989
080718,231956,2300246
080718,232056,2302038
080718,232156,2302294
080718,232256,2302550
080718,232356,2302806
080718,232457,2303063
080718,232557,2303319
080718,232657,2303575
080718,232757,2303831
080718,232857,2304087
080718,232957,2304343
080718,233058,2306136
080718,233158,2306392
080718,233258,2306648
080718,233358,2306904
080718,233458,2307160
080718,233558,2307416
080718,233659,2307673
080718,233759,2307929
080718,233859,2308185
080718,233959,2308441
080718,234059,2310233
080718,234159,2310489
080718,234300,2310912
080718,234400,2311168
080718,234500,2311424
080718,234600,2311680
080718,234700,2311936
080718,234801,2312193
080718,234901,2312449
080718,235001,2314241
080718,235101,2314497
080718,235201,2314753
080718,235301,2315009
080718,235402,2315266
080718,235502,2315522
080718,235602,2315778
080718,235702,2316034
080718,235802,2316290
080718,235902,2316546
090718,000003,3
090718,000103,259
090718,000203,515
090718,000303,771
090718,000403,1027
090718,000503,1283
090718,000604,1540
090718,000704,1796
090718,000804,2052
090718,000904,2308
090718,001004,4100
090718,001105,4357
090718,001205,4613
090718,001305,4869
090718,001405,5125
090718,001505,5381
090718,001605,5637
090718,001706,5894
090718,001806,6150
090718,001906,6406
090718,002006,8198
090718,002106,8454
090718,002206,8710
090718,002307,8967
090718,002407,9223
090718,002507,9479
090718,002607,9735
090718,002707,9991
090718,002807,10247
090718,002908,10504
090718,003008,12296
090718,003108,12552
090718,003208,12808
090718,003308,13064
090718,003409,13321
090718,003509,13577
090718,003609,13833
090718,003709,14089
090718,003809,14345
090718,003909,14601
090718,004010,16400
090718,004110,16656
090718,004210,16912
090718,004310,17168
090718,004410,17424
090718,004510,17680
090718,004611,17937
090718,004711,18193
090718,004811,18449
090718,004911,18705
090718,005011,20497
090718,005111,20753
090718,005212,21010
090718,005312,21266
090718,005412,21522
090718,005512,21778
090718,005612,22034
090718,005713,22291
090718,005813,22547
090718,005913,22803
090718,010013,65555
090718,010113,65811
090718,010213,66067
090718,010314,66324
090718,010414,66580
090718,010514,66836
090718,010614,67092
090718,010714,67348
090718,010814,67604
090718,010915,67861
090718,011015,69653
090718,011115,69909
090718,011215,70165
090718,011315,70421
090718,011415,70677
090718,011516,70934
090718,011616,71190
090718,011716,71446
090718,011816,71702
090718,011916,71958
090718,012017,73751
090718,012117,74007
090718,012217,74263
090718,012317,74519
090718,012417,74775
090718,012517,75031
090718,012618,75288
090718,012718,75544
090718,012818,75800
090718,012918,76056
090718,013018,77848
090718,013118,78104
090718,013219,78361
090718,013319,78617
090718,013419,78873
090718,013519,79129
090718,013619,79385
090718,013719,79641
090718,013820,79904
090718,013920,80160
090718,014020,81952
090718,014120,82208
090718,014220,82464
090718,014321,82721
090718,014421,82977
090718,014521,83233
090718,014621,83489
090718,014721,83745
090718,014821,84001
090718,014922,84258
090718,015022,86050
090718,015122,86306
090718,015222,86562
090718,015322,86818
090718,015422,87074
090718,015523,87331
090718,015623,87587
090718,015723,87843
090718,015823,88099
090718,015923,88355
090718,020023,131107
090718,020124,131364
090718,020224,131620
090718,020324,131876
090718,020424,132132
090718,020524,132388
090718,020624,132644
090718,020725,132901
090718,020825,133157
090718,020925,133413
090718,021025,135205
090718,021125,135461
090718,021226,135718
090718,021326,135974
090718,021426,136230
090718,021526,136486
090718,021626,136742
090718,021726,136998
090718,021827,137255
090718,021927,137511
090718,022027,139303
090718,022127,139559
090718,022227,139815
090718,022327,140071
090718,022428,140328
090718,022528,140584
090718,022628,140840
090718,022728,141096
090718,022828,141352
090718,022928,141608
090718,023029,143401
090718,023129,143657
090718,023229,143913
090718,023329,144169
090718,023429,144425
090718,023530,144688
090718,023630,144944
090718,023730,145200
090718,023830,145456
090718,023930,145712
090718,024030,147504
090718,024131,147761
090718,024231,148017
090718,024331,148273
090718,024431,148529
090718,024531,148785
090718,024631,149041
090718,024732,149298
090718,024832,149554
090718,024932,149810
090718,025032,151602
090718,025132,151858
090718,025232,152114
090718,025333,152371
090718,025433,152627
090718,025533,152883
090718,025633,153139
090718,025733,153395
090718,025834,153652
090718,025934,153908
090718,030034,196660
090718,030134,196916
090718,030234,197172
090718,030334,197428
090718,030435,197685
090718,030535,197941
090718,030635,198197
090718,030735,198453
090718,030835,198709
090718,030935,198965
090718,031036,200758
090718,031136,201014
090718,031236,201270
090718,031336,201526
090718,031436,201782
090718,031536,202038
090718,031637,202295
090718,031737,202551
090718,031837,202807
090718,031937,203063
090718,032037,204855
090718,032138,205112
090718,032238,205368
090718,032338,205624
090718,032438,205880
090718,032538,206136
090718,032638,206392
090718,032739,206649
090718,032839,206905
090718,032939,207161
090718,033039,208953
090718,033139,209209
090718,033239,209465
090718,033340,209728
090718,033440,209984
090718,033540,210240
090718,033640,210496
090718,033740,210752
090718,033840,211008
090718,033941,211265
090718,034041,213057
090718,034141,213313
090718,034241,213569
090718,034341,213825
090718,034442,214082
090718,034542,214338
090718,034642,214594
090718,034742,214850
090718,034842,215106
090718,034942,215362
090718,035043,217155
090718,035143,217411
090718,035243,217667
090718,035343,217923
090718,035443,218179
090718,035543,218435
090718,035644,218692
090718,035744,218948
090718,035844,219204
090718,035944,219460
090718,040044,262212
090718,040144,262468
090718,040245,262725
090718,040345,262981
090718,040445,263237
090718,040545,263493
090718,040645,263749
090718,040746,264006
090718,040846,264262
090718,040946,264518
090718,041046,266310
090718,041146,266566
090718,041246,266822
090718,041347,267079
090718,041447,267335
090718,041547,267591
090718,041647,267847
090718,041747,268103
090718,041847,268359
090718,041948,268616
090718,042048,270408
090718,042148,270664
090718,042248,270920
090718,042348,271176
090718,042448,271432
090718,042549,271689
090718,042649,271945
090718,042749,272201
090718,042849,272457
090718,042949,272713
090718,043050,274512
090718,043150,274768
090718,043250,275024
090718,043350,275280
090718,043450,275536
090718,043550,275792
090718,043651,276049
090718,043751,276305
090718,043851,276561
090718,043951,276817
090718,044051,278609
090718,044151,278865
090718,044252,279122
090718,044352,279378
090718,044452,279634
090718,044552,279890
090718,044652,280146
090718,044752,280402
090718,044853,280659
090718,044953,280915
090718,045053,282707
090718,045153,282963
090718,045253,283219
090718,045354,283476
090718,045454,283732
090718,045554,283988
090718,045654,284244
090718,045754,284500
090718,045854,284756
090718,045955,285013
090718,050055,327765
090718,050155,328021
090718,050255,328277
090718,050355,328533
090718,050455,328789
090718,050556,329046
090718,050656,329302
090718,050756,329558
090718,050856,329814
090718,050956,330070
090718,051056,331862
090718,051157,332119
090718,051257,332375
090718,051357,332631
090718,051457,332887
090718,051557,333143
090718,051658,333400
090718,051758,333656
090718,051858,333912
090718,051958,334168
090718,052058,335960
090718,052158,336216
090718,052259,336473
090718,052359,336729
090718,052459,336985
090718,052559,337241
090718,052659,337497
090718,052759,337753
090718,052900,338176
090718,053000,339968
090718,053100,340224
090718,053200,340480
090718,053300,340736
090718,053400,340992
090718,053501,341249
090718,053601,341505
090718,053701,341761
090718,053801,342017
090718,053901,342273
090718,054002,344066
090718,054102,344322
090718,054202,344578
090718,054302,344834
090718,054402,345090
090718,054502,345346
090718,054603,345603
090718,054703,345859
090718,054803,346115
090718,054903,346371
090718,055003,348163
090718,055103,348419
090718,055204,348676
090718,055304,348932
090718,055404,349188
090718,055504,349444
090718,055604,349700
090718,055704,349956
090718,055805,350213
090718,055905,350469
090718,060005,393221
090718,060105,393477
090718,060205,393733
090718,060306,393990
090718,060406,394246
090718,060506,394502
090718,060606,394758
090718,060706,395014
090718,060806,395270
090718,060907,395527
090718,061007,397319
090718,061107,397575
090718,061207,397831
090718,061307,398087
090718,061407,398343
090718,061508,398600
090718,061608,398856
090718,061708,399112
090718,061808,399368
090718,061908,399624
090718,062008,401416
090718,062109,401673
090718,062209,401929
090718,062309,402185
090718,062409,402441
090718,062509,402697
090718,062610,402960
090718,062710,403216
090718,062810,403472
090718,062910,403728
090718,063010,405520
090718,063110,405776
090718,063211,406033
090718,063311,406289
090718,063411,406545
090718,192424,1647652
090718,192525,1647909
090718,192625,1648165
090718,192725,1648421
090718,192825,1648677
090718,192925,1648933
090718,193025,1650725
090718,193126,1650982
090718,193226,1651238
090718,193326,1651494
090718,193426,1651750
090718,193526,1652006
090718,193626,1652262
090718,193727,1652519
090718,193827,1652775
090718,193927,1653031
090718,194027,1654823
090718,194127,1655079
090718,194227,1655335
090718,194328,1655592
090718,194428,1655848
090718,194528,1656104
090718,194628,1656360
090718,194728,1656616
090718,194829,1656873
090718,194929,1657129
090718,195029,1658921
090718,195129,1659177
090718,195229,1659433
090718,195329,1659689
090718,195430,1659952
090718,195530,1660208
090718,195630,1660464
090718,195730,1660720
090718,195830,1660976
090718,195930,1661232
090718,200031,2097201
090718,200131,2097457
090718,200231,2097713
090718,200331,2097969
090718,200431,2098225
090718,200531,2098481
090718,200632,2098738
090718,200732,2098994
090718,200832,2099250
090718,200932,2099506
090718,201032,2101298
090718,201133,2101555
090718,201233,2101811
090718,201333,2102067
090718,201433,2102323
090718,201533,2102579
090718,201633,2102835
090718,201734,2103092
090718,201834,2103348
090718,201934,2103604
090718,202034,2105396
090718,202134,2105652
090718,202234,2105908
090718,202335,2106165
090718,202435,2106421
090718,202535,2106677
090718,202635,2106933
090718,202735,2107189
090718,202835,2107445
090718,202936,2107702
090718,203036,2109494
090718,203136,2109750
090718,203236,2110006
090718,203336,2110262
090718,203437,2110519
090718,203537,2110775
090718,203637,2111031
090718,203737,2111287
090718,203837,2111543
090718,203937,2111799
090718,204038,2113592
090718,204138,2113848
090718,204238,2114104
090718,204338,2114360
090718,204438,2114616
090718,204538,2114872
090718,204639,2115129
090718,204739,2115385
090718,204839,2115641
090718,204939,2115897
090718,205039,2117689
090718,205139,2117945
090718,205240,2118208
090718,205340,2118464
090718,205440,2118720
090718,205540,2118976
090718,205640,2119232
090718,205741,2119489
090718,205841,2119745
090718,205941,2120001
090718,210041,2162753
090718,210141,2163009
090718,210241,2163265
090718,210342,2163522
090718,210442,2163778
090718,210542,2164034
090718,210642,2164290
090718,210742,2164546
090718,210842,2164802
090718,210943,2165059
090718,211043,2166851
090718,211143,2167107
090718,211243,2167363
090718,211343,2167619
090718,211443,2167875
090718,211544,2168132
090718,211644,2168388
090718,211744,2168644
090718,211844,2168900
090718,211944,2169156
090718,212045,2170949
090718,212145,2171205
090718,212245,2171461
090718,212345,2171717
090718,212445,2171973
090718,212545,2172229
090718,212646,2172486
090718,212746,2172742
090718,212846,2172998
090718,212946,2173254
090718,213046,2175046
090718,213146,2175302
090718,213247,2175559
090718,213347,2175815
090718,213447,2176071
090718,213547,2176327
090718,213647,2176583
090718,213747,2176839
090718,213848,2177096
090718,213948,2177352
090718,214048,2179144
090718,214148,2179400
090718,214248,2179656
090718,214349,2179913
090718,214449,2180169
090718,214549,2180425
090718,214649,2180681
090718,214749,2180937
090718,214849,2181193
090718,214950,2181456
090718,215050,2183248
090718,215150,2183504
090718,215250,2183760
090718,215350,2184016
090718,215450,2184272
090718,215551,2184529
090718,215651,2184785
090718,215751,2185041
090718,215851,2185297
090718,215951,2185553
090718,220051,2228305
090718,220152,2228562
090718,220252,2228818
090718,220352,2229074
090718,220452,2229330
090718,220552,2229586
090718,220653,2229843
090718,220753,2230099
090718,220853,2230355
090718,220953,2230611
090718,221053,2232403
090718,221153,2232659
090718,221254,2232916
090718,221354,2233172
090718,221454,2233428
090718,221554,2233684
090718,221654,2233940
090718,221754,2234196
090718,221855,2234453
090718,221955,2234709
090718,222055,2236501
090718,222155,2236757
090718,222255,2237013
090718,222355,2237269
090718,222456,2237526
090718,222556,2237782
090718,222656,2238038
090718,222756,2238294
090718,222856,2238550
090718,222957,2238807
090718,223057,2240599
090718,223157,2240855
090718,223257,2241111
090718,223357,2241367
090718,223457,2241623
090718,223558,2241880
090718,223658,2242136
090718,223758,2242392
090718,223858,2242648
090718,223958,2242904
090718,224058,2244696
090718,224159,2244953
090718,224259,2245209
090718,224359,2245465
090718,224459,2245721
090718,224559,2245977
090718,224659,2246233
090718,224800,2246656
090718,224900,2246912
090718,225000,2248704
090718,225100,2248960
090718,225200,2249216
090718,225301,2249473
090718,225401,2249729
090718,225501,2249985
090718,225601,2250241
090718,225701,2250497
090718,225801,2250753
090718,225902,2251010
090718,230002,2293762
090718,230102,2294018
090718,230202,2294274
090718,230302,2294530
090718,230402,2294786
090718,230503,2295043
090718,230603,2295299
090718,230703,2295555
090718,230803,2295811
090718,230903,2296067
090718,231003,2297859
090718,231104,2298116
090718,231204,2298372
090718,231304,2298628
090718,231404,2298884
090718,231504,2299140
090718,231605,2299397
090718,231705,2299653
090718,231805,2299909
090718,231905,2300165
090718,232005,2301957
090718,232105,2302213
090718,232206,2302470
090718,232306,2302726
090718,232406,2302982
090718,232506,2303238
090718,232606,2303494
090718,232706,2303750
090718,232807,2304007
090718,232907,2304263
090718,233007,2306055
090718,233107,2306311
090718,233207,2306567
090718,233307,2306823
090718,233408,2307080
090718,233508,2307336
090718,233608,2307592
090718,233708,2307848
090718,233808,2308104
090718,233908,2308360
090718,234009,2310153
090718,234109,2310409
090718,234209,2310665
090718,234309,2310921
090718,234409,2311177
090718,234510,2311440
090718,234610,2311696
090718,234710,2311952
090718,234810,2312208
090718,234910,2312464
090718,235010,2314256
090718,235111,2314513
090718,235211,2314769
090718,235311,2315025
090718,235411,2315281
090718,235511,2315537
090718,235611,2315793
090718,235712,2316050
090718,235812,2316306
090718,235912,2316562
100718,000012,18
100718,000112,274
100718,000212,530
100718,000313,787
100718,000413,1043
100718,000513,1299
100718,000613,1555
100718,000713,1811
100718,000814,2068
100718,000914,2324
100718,001014,4116
100718,001114,4372
100718,001214,4628
100718,001314,4884
100718,001415,5141
100718,001515,5397
100718,001615,5653
100718,001715,5909
100718,001815,6165
100718,001915,6421
100718,002016,8214
100718,002116,8470
100718,002216,8726
100718,002316,8982
100718,002416,9238
100718,002517,9495
100718,002617,9751
100718,002717,10007
100718,002817,10263
100718,002917,10519
100718,003017,12311
100718,003118,12568
100718,003218,12824
100718,003318,13080
100718,003418,13336
100718,003518,13592
100718,003618,13848
100718,003719,14105
100718,003819,14361
100718,003919,14617
100718,004019,16409
100718,004119,16665
100718,004219,16921
100718,004320,17184
100718,004420,17440
100718,004520,17696
100718,004620,17952
100718,004720,18208
100718,004820,18464
100718,004921,18721
100718,005021,20513
100718,005121,20769
100718,005221,21025
100718,005321,21281
100718,005422,21538
100718,005522,21794
100718,005622,22050
100718,005722,22306
100718,005822,22562
100718,005922,22818
100718,010023,65571
100718,010123,65827
100718,010223,66083
100718,010323,66339
100718,010423,66595
100718,010523,66851
100718,010624,67108
100718,010724,67364
100718,010824,67620
100718,010924,67876
100718,011024,69668
100718,011124,69924
100718,011225,70181
100718,011325,70437
100718,011425,70693
100718,011525,70949
100718,011625,71205
100718,011726,71462
100718,011826,71718
100718,011926,71974
100718,012026,73766
100718,012126,74022
100718,012226,74278
100718,012327,74535
100718,012427,74791
100718,012527,75047
100718,012627,75303
100718,012727,75559
100718,012827,75815
100718,012928,76072
100718,013028,77864
100718,013128,78120
100718,013228,78376
100718,013328,78632
100718,013428,78888
100718,013529,79145
100718,013629,79401
100718,013729,79657
100718,013829,79913
100718,013929,80169
100718,014030,81968
100718,014130,82224
100718,014230,82480
100718,014330,82736
100718,014430,82992
100718,014530,83248
100718,014631,83505
100718,014731,83761
100718,014831,84017
100718,014931,84273
100718,015031,86065
100718,015131,86321
100718,015232,86578
100718,015332,86834
100718,015432,87090
100718,015532,87346
100718,015632,87602
100718,015732,87858
100718,015833,88115
100718,015933,88371
100718,020033,131123
100718,020133,131379
100718,020233,131635
100718,020334,131892
100718,020434,132148
100718,020534,132404
100718,020634,132660
100718,020734,132916
100718,020834,133172
100718,020935,133429
100718,021035,135221
100718,021135,135477
100718,021235,135733
100718,021335,135989
100718,021435,136245
100718,021536,136502
100718,021636,136758
100718,021736,137014
100718,021836,137270
100718,021936,137526
100718,022036,139318
100718,022137,139575
100718,022237,139831
100718,022337,140087
100718,022437,140343
100718,022537,140599
100718,022638,140856
100718,022738,141112
100718,022838,141368
100718,022938,141624
100718,023038,143416
100718,023138,143672
100718,023239,143929
100718,023339,144185
100718,023439,144441
100718,023539,144697
100718,023639,144953
100718,023739,145209
100718,023840,145472
100718,023940,145728
100718,024040,147520
100718,024140,147776
100718,024240,148032
100718,024340,148288
100718,024441,148545
100718,024541,148801
100718,024641,149057
100718,024741,149313
100718,024841,149569
100718,024942,149826
100718,025042,151618
100718,025142,151874
100718,025242,152130
100718,025342,152386
100718,025442,152642
100718,025543,152899
100718,025643,153155
100718,025743,153411
100718,025843,153667
100718,025943,153923
100718,030043,196675
100718,030144,196932
100718,030244,197188
100718,030344,197444
100718,030444,197700
100718,030544,197956
100718,030644,198212
100718,030745,198469
100718,030845,198725
100718,030945,198981
100718,031045,200773
100718,031145,201029
100718,031246,201286
100718,031346,201542
100718,031446,201798
100718,031546,202054
100718,031646,202310
100718,031746,202566
100718,031847,202823
100718,031947,203079
100718,032047,204871
100718,032147,205127
100718,032247,205383
100718,032347,205639
100718,032448,205896
100718,032548,206152
100718,032648,206408
100718,032748,206664
100718,032848,206920
100718,032948,207176
100718,033049,208969
100718,033149,209225
100718,033249,209481
100718,033349,209737
100718,033449,209993
100718,033550,210256
100718,033650,210512
100718,033750,210768
100718,033850,211024
100718,033950,211280
100718,034050,213072
100718,034151,213329
100718,034251,213585
100718,034351,213841
100718,034451,214097
100718,034551,214353
100718,034651,214609
100718,034752,214866
100718,034852,215122
100718,034952,215378
100718,035052,217170
100718,035152,217426
100718,035252,217682
100718,035353,217939
100718,035453,218195
100718,035553,218451
100718,035653,218707
100718,035753,218963
100718,035854,219220
100718,035954,219476
100718,040054,262228
100718,040154,262484
100718,040254,262740
100718,040354,262996
100718,040455,263253
100718,040555,263509
100718,040655,263765
100718,040755,264021
100718,040855,264277
100718,040955,264533
100718,041056,266326
100718,041156,266582
100718,041256,266838
100718,041356,267094
100718,041456,267350
100718,041556,267606
100718,041657,267863
100718,041757,268119
100718,041857,268375
100718,041957,268631
100718,042057,270423
100718,042158,270680
100718,042258,270936
100718,042358,271192
100718,042458,271448
100718,042558,271704
100718,042658,271960
100718,042759,272217
100718,042859,272473
100718,042959,272729
100718,043059,274521
100718,043159,274777
100718,043259,275033
100718,043400,275456
100718,043500,275712
100718,043600,275968
100718,043700,276224
100718,043800,276480
100718,043900,276736
100718,044001,278529
100718,044101,278785
100718,044201,279041
100718,044301,279297
100718,044401,279553
100718,044501,279809
100718,044602,280066
100718,044702,280322
100718,044802,280578
100718,044902,280834
100718,045002,282626
100718,045103,282883
100718,045203,283139
100718,045303,283395
100718,045403,283651
100718,045503,283907
100718,045603,284163
100718,045704,284420
100718,045804,284676
100718,045904,284932
100718,050004,327684
100718,050104,327940
100718,050204,328196
100718,050305,328453
100718,050405,328709
100718,050505,328965
100718,050605,329221
100718,050705,329477
100718,050805,329733
100718,050906,329990
100718,051006,331782
100718,051106,332038
100718,051206,332294
100718,051306,332550
100718,051407,332807
100718,051507,333063
100718,051607,333319
100718,051707,333575
100718,051807,333831
100718,051907,334087
100718,052008,335880
100718,052108,336136
100718,052208,336392
100718,052308,336648
100718,052408,336904
100718,052508,337160
100718,052609,337417
100718,052709,337673
100718,052809,337929
100718,052909,338185
100718,053009,339977
100718,053110,340240
100718,053210,340496
100718,053310,340752
100718,053410,341008
100718,053510,341264
100718,053610,341520
100718,053711,341777
100718,053811,342033
100718,053911,342289
100718,054011,344081
100718,054111,344337
100718,054211,344593
100718,054312,344850
100718,054412,345106
100718,054512,345362
100718,054612,345618
100718,054712,345874
100718,054812,346130
100718,054913,346387
100718,055013,348179
100718,055113,348435
100718,055213,348691
100718,055313,348947
100718,055413,349203
100718,055514,349460
100718,055614,349716
100718,055714,349972
100718,055814,350228
100718,055914,350484
100718,060015,393237
100718,060115,393493
100718,060215,393749
100718,060315,394005
100718,060415,394261
100718,060515,394517
100718,060616,394774
100718,060716,395030
100718,060816,395286
100718,060916,395542
100718,061016,397334
100718,061116,397590
100718,061217,397847
100718,061317,398103
100718,061417,398359
100718,061517,398615
100718,061617,398871
100718,061717,399127
100718,061818,399384
100718,061918,399640
100718,062018,401432
100718,062118,401688
100718,062218,401944
100718,062319,402201
100718,062419,402457
100718,062519,402713
100718,062619,402969
100718,062719,403225
100718,062819,403481
100718,062920,403744
100718,063020,405536
100718,063120,405792
100718,063220,406048
100718,063320,406304
100718,063420,406560
100718,192434,1647668
100718,192534,1647924
100718,192634,1648180
100718,192734,1648436
100718,192835,1648693
100718,192935,1648949
100718,193035,1650741
100718,193135,1650997
100718,193235,1651253
100718,193335,1651509
100718,193436,1651766
100718,193536,1652022
100718,193636,1652278
100718,193736,1652534
100718,193836,1652790
100718,193937,1653047
100718,194037,1654839
100718,194137,1655095
100718,194237,1655351
100718,194337,1655607
100718,194437,1655863
100718,194538,1656120
100718,194638,1656376
100718,194738,1656632
100718,194838,1656888
100718,194938,1657144
100718,195038,1658936
100718,195139,1659193
100718,195239,1659449
100718,195339,1659705
100718,195439,1659961
100718,195539,1660217
100718,195639,1660473
100718,195740,1660736
100718,195840,1660992
100718,195940,1661248
100718,200040,2097216
100718,200140,2097472
100718,200241,2097729
100718,200341,2097985
100718,200441,2098241
100718,200541,2098497
100718,200641,2098753
100718,200741,2099009
100718,200842,2099266
100718,200942,2099522
100718,201042,2101314
100718,201142,2101570
100718,201242,2101826
100718,201342,2102082
100718,201443,2102339
100718,201543,2102595
100718,201643,2102851
100718,201743,2103107
100718,201843,2103363
100718,201943,2103619
100718,202044,2105412
100718,202144,2105668
100718,202244,2105924
100718,202344,2106180
100718,202444,2106436
100718,202545,2106693
100718,202645,2106949
100718,202745,2107205
100718,202845,2107461
100718,202945,2107717
100718,203045,2109509
100718,203146,2109766
100718,203246,2110022
100718,203346,2110278
100718,203446,2110534
100718,203546,2110790
100718,203646,2111046
100718,203747,2111303
100718,203847,2111559
100718,203947,2111815
100718,204047,2113607
100718,204147,2113863
100718,204247,2114119
100718,204348,2114376
100718,204448,2114632
100718,204548,2114888
100718,204648,2115144
100718,204748,2115400
100718,204849,2115657
100718,204949,2115913
100718,205049,2117705
100718,205149,2117961
100718,205249,2118217
100718,205349,2118473
100718,205450,2118736
100718,205550,2118992
100718,205650,2119248
100718,205750,2119504
100718,205850,2119760
100718,205950,2120016
100718,210051,2162769
100718,210151,2163025
100718,210251,2163281
100718,210351,2163537
100718,210451,2163793
100718,210551,2164049
100718,210652,2164306
100718,210752,2164562
100718,210852,2164818
100718,210952,2165074
100718,211052,2166866
100718,211152,2167122
100718,211253,2167379
100718,211353,2167635
100718,211453,2167891
100718,211553,2168147
100718,211653,2168403
100718,211754,2168660
100718,211854,2168916
100718,211954,2169172
100718,212054,2170964
100718,212154,2171220
100718,212254,2171476
100718,212355,2171733
100718,212455,2171989
100718,212555,2172245
100718,212655,2172501
100718,212755,2172757
100718,212855,2173013
100718,212956,2173270
100718,213056,2175062
100718,213156,2175318
100718,213256,2175574
100718,213356,2175830
100718,213456,2176086
100718,213557,2176343
100718,213657,2176599
100718,213757,2176855
100718,213857,2177111
100718,213957,2177367
100718,214058,2179160
100718,214158,2179416
100718,214258,2179672
100718,214358,2179928
100718,214458,2180184
100718,214558,2180440
100718,214659,2180697
100718,214759,2180953
100718,214859,2181209
100718,214959,2181465
100718,215059,2183257
100718,215159,2183513
100718,215300,2183936
100718,215400,2184192
100718,215500,2184448
100718,215600,2184704
100718,215700,2184960
100718,215800,2185216
100718,215901,2185473
100718,220001,2228225
100718,220101,2228481
100718,220201,2228737
100718,220301,2228993
100718,220402,2229250
100718,220502,2229506
100718,220602,2229762
100718,220702,2230018
100718,220802,2230274
100718,220902,2230530
100718,221003,2232323
100718,221103,2232579
100718,221203,2232835
100718,221303,2233091
100718,221403,2233347
100718,221503,2233603
100718,221604,2233860
100718,221704,2234116
100718,221804,2234372
100718,221904,2234628
100718,222004,2236420
100718,222104,2236676
100718,222205,2236933
100718,222305,2237189
100718,222405,2237445
100718,222505,2237701
100718,222605,2237957
100718,222706,2238214
100718,222806,2238470
100718,222906,2238726
100718,223006,2240518
100718,223106,2240774
100718,223206,2241030
100718,223307,2241287
100718,223407,2241543
100718,223507,2241799
100718,223607,2242055
100718,223707,2242311
100718,223807,2242567
100718,223908,2242824
100718,224008,2244616
100718,224108,2244872
100718,224208,2245128
100718,224308,2245384
100718,224408,2245640
100718,224509,2245897
100718,224609,2246153
100718,224709,2246409
100718,224809,2246665
100718,224909,2246921
100718,225010,2248720
100718,225110,2248976
100718,225210,2249232
100718,225310,2249488
100718,225410,2249744
100718,225510,2250000
100718,225611,2250257
100718,225711,2250513
100718,225811,2250769
100718,225911,2251025
100718,230011,2293777
100718,230111,2294033
100718,230212,2294290
100718,230312,2294546
100718,230412,2294802
100718,230512,2295058
100718,230612,2295314
100718,230712,2295570
100718,230813,2295827
100718,230913,2296083
100718,231013,2297875
100718,231113,2298131
100718,231213,2298387
100718,231314,2298644
100718,231414,2298900
100718,231514,2299156
100718,231614,2299412
100718,231714,2299668
100718,231814,2299924
100718,231915,2300181
100718,232015,2301973
100718,232115,2302229
100718,232215,2302485
100718,232315,2302741
100718,232415,2302997
100718,232516,2303254
100718,232616,2303510
100718,232716,2303766
100718,232816,2304022
100718,232916,2304278
100718,233016,2306070
100718,233117,2306327
100718,233217,2306583
100718,233317,2306839
100718,233417,2307095
100718,233517,2307351
100718,233618,2307608
100718,233718,2307864
100718,233818,2308120
100718,233918,2308376
100718,234018,2310168
100718,234118,2310424
100718,234219,2310681
100718,234319,2310937
100718,234419,2311193
100718,234519,2311449
100718,234619,2311705
100718,234719,2311961
100718,234820,2312224
100718,234920,2312480
100718,235020,2314272
100718,235120,2314528
100718,235220,2314784
100718,235320,2315040
100718,235421,2315297
100718,235521,2315553
100718,235621,2315809
100718,235721,2316065
100718,235821,2316321
100718,235922,2316578
110718,000022,34
110718,000122,290
110718,000222,546
110718,000322,802
110718,000422,1058
110718,000523,1315
110718,000623,1571
110718,000723,1827
110718,000823,2083
110718,000923,2339
110718,001023,4131
110718,001124,4388
110718,001224,4644
110718,001324,4900
110718,001424,5156
110718,001524,5412
110718,001624,5668
110718,001725,5925
110718,001825,6181
110718,001925,6437
110718,002025,8229
110718,002125,8485
110718,002226,8742
110718,002326,8998
110718,002426,9254
110718,002526,9510
110718,002626,9766
110718,002726,10022
110718,002827,10279
110718,002927,10535
110718,003027,12327
110718,003127,12583
110718,003227,12839
110718,003327,13095
110718,003428,13352
110718,003528,13608
110718,003628,13864
110718,003728,14120
110718,003828,14376
110718,003928,14632
110718,004029,16425
110718,004129,16681
110718,004229,16937
110718,004329,17193
110718,004429,17449
110718,004530,17712
110718,004630,17968
110718,004730,18224
110718,004830,18480
110718,004930,18736
110718,005030,20528
110718,005131,20785
110718,005231,21041
110718,005331,21297
110718,005431,21553
110718,005531,21809
110718,005631,22065
110718,005732,22322
110718,005832,22578
110718,005932,22834
110718,010032,65586
110718,010132,65842
110718,010232,66098
110718,010333,66355
110718,010433,66611
110718,010533,66867
110718,010633,67123
110718,010733,67379
110718,010834,67636
110718,010934,67892
110718,011034,69684
110718,011134,69940
110718,011234,70196
110718,011334,70452
110718,011435,70709
110718,011535,70965
110718,011635,71221
110718,011735,71477
110718,011835,71733
110718,011935,71989
110718,012036,73782
110718,012136,74038
110718,012236,74294
110718,012336,74550
110718,012436,74806
110718,012536,75062
110718,012637,75319
110718,012737,75575
110718,012837,75831
110718,012937,76087
110718,013037,77879
110718,013138,78136
110718,013238,78392
110718,013338,78648
110718,013438,78904
110718,013538,79160
110718,013638,79416
110718,013739,79673
110718,013839,79929
110718,013939,80185
110718,014039,81977
110718,014139,82233
110718,014239,82489
110718,014340,82752
110718,014440,83008
110718,014540,83264
110718,014640,83520
110718,014740,83776
110718,014840,84032
110718,014941,84289
110718,015041,86081
110718,015141,86337
110718,015241,86593
110718,015341,86849
110718,015442,87106
110718,015542,87362
110718,015642,87618
110718,015742,87874
110718,015842,88130
110718,015942,88386
110718,020043,131139
110718,020143,131395
110718,020243,131651
110718,020343,131907
110718,020443,132163
110718,020543,132419
110718,020644,132676
110718,020744,132932
110718,020844,133188
110718,020944,133444
110718,021044,135236
110718,021144,135492
110718,021245,135749
110718,021345,136005
110718,021445,136261
110718,021545,136517
110718,021645,136773
110718,021746,137030
110718,021846,137286
110718,021946,137542
110718,022046,139334
110718,022146,139590
110718,022246,139846
110718,022347,140103
110718,022447,140359
110718,022547,140615
110718,022647,140871
110718,022747,141127
110718,022847,141383
110718,022948,141640
110718,023048,143432
110718,023148,143688
110718,023248,143944
110718,023348,144200
110718,023448,144456
110718,023549,144713
110718,023649,144969
110718,023749,145225
110718,023849,145481
110718,023949,145737
110718,024049,147529
110718,024150,147792
110718,024250,148048
110718,024350,148304
110718,024450,148560
110718,024550,148816
110718,024651,149073
110718,024751,149329
110718,024851,149585
110718,024951,149841
110718,025051,151633
110718,025151,151889
110718,025252,152146
110718,025352,152402
110718,025452,152658
110718,025552,152914
110718,025652,153170
110718,025752,153426
110718,025853,153683
110718,025953,153939
110718,030053,196691
110718,030153,196947
110718,030253,197203
110718,030353,197459
110718,030454,197716
110718,030554,197972
110718,030654,198228
110718,030754,198484
110718,030854,198740
110718,030955,198997
110718,031055,200789
110718,031155,201045
110718,031255,201301
110718,031355,201557
110718,031455,201813
110718,031556,202070
110718,031656,202326
110718,031756,202582
110718,031856,202838
110718,031956,203094
110718,032056,204886
110718,032157,205143
110718,032257,205399
110718,032357,205655
110718,032457,205911
110718,032557,206167
110718,032657,206423
110718,032758,206680
110718,032858,206936
110718,032958,207192
110718,033058,208984
110718,033158,209240
110718,033259,209497
110718,033359,209753
110718,033459,210009
110718,033559,210265
110718,033659,210521
110718,033759,210777
110718,033900,211200
110718,034000,212992
110718,034100,213248
110718,034200,213504
110718,034300,213760
110718,034400,214016
110718,034501,214273
110718,034601,214529
110718,034701,214785
110718,034801,215041
110718,034901,215297
110718,035001,217089
110718,035102,217346
110718,035202,217602
110718,035302,217858
110718,035402,218114
110718,035502,218370
110718,035603,218627
110718,035703,218883
110718,035803,219139
110718,035903,219395
110718,040003,262147
110718,040103,262403
110718,040204,262660
110718,040304,262916
110718,040404,263172
110718,040504,263428
110718,040604,263684
110718,040704,263940
110718,040805,264197
110718,040905,264453
110718,041005,266245
110718,041105,266501
110718,041205,266757
110718,041305,267013
110718,041406,267270
110718,041506,267526
110718,041606,267782
110718,041706,268038
110718,041806,268294
110718,041907,268551
110718,042007,270343
110718,042107,270599
110718,042207,270855
110718,042307,271111
110718,042407,271367
110718,042508,271624
110718,042608,271880
110718,042708,272136
110718,042808,272392
110718,042908,272648
110718,043008,274440
110718,043109,274697
110718,043209,274953
110718,043309,275209
110718,043409,275465
110718,043509,275721
110718,043609,275977
110718,043710,276240
110718,043810,276496
110718,043910,276752
110718,044010,278544
110718,044110,278800
110718,044211,279057
110718,044311,279313
110718,044411,279569
110718,044511,279825
110718,044611,280081
110718,044711,280337
110718,044812,280594
110718,044912,280850
110718,045012,282642
110718,045112,282898
110718,045212,283154
110718,045312,283410
110718,045413,283667
110718,045513,283923
110718,045613,284179
110718,045713,284435
110718,045813,284691
110718,045913,284947
110718,050014,327700
110718,050114,327956
110718,050214,328212
110718,050314,328468
110718,050414,328724
110718,050515,328981
110718,050615,329237
110718,050715,329493
110718,050815,329749
110718,050915,330005
110718,051015,331797
110718,051116,332054
110718,051216,332310
110718,051316,332566
110718,051416,332822
110718,051516,333078
110718,051616,333334
110718,051717,333591
110718,051817,333847
110718,051917,334103
110718,052017,335895
110718,052117,336151
110718,052217,336407
110718,052318,336664
110718,052418,336920
110718,052518,337176
110718,052618,337432
110718,052718,337688
110718,052819,337945
110718,052919,338201
110718,053019,339993
110718,053119,340249
110718,053219,340505
110718,053319,340761
110718,053420,341024
110718,053520,341280
110718,053620,341536
110718,053720,341792
110718,053820,342048
110718,053920,342304
110718,054021,344097
110718,054121,344353
110718,054221,344609
110718,054321,344865
110718,054421,345121
110718,054521,345377
110718,054622,345634
110718,054722,345890
110718,054822,346146
110718,054922,346402
110718,055022,348194
110718,055123,348451
110718,055223,348707
110718,055323,348963
110718,055423,349219
110718,055523,349475
110718,055623,349731
110718,055724,349988
110718,055824,350244
110718,055924,350500
110718,060024,393252
110718,060124,393508
110718,060224,393764
110718,060325,394021
110718,060425,394277
110718,060525,394533
110718,060625,394789
110718,060725,395045
110718,060825,395301
110718,060926,395558
110718,061026,397350
110718,061126,397606
110718,061226,397862
110718,061326,398118
110718,061427,398375
110718,061527,398631
110718,061627,398887
110718,061727,399143
110718,061827,399399
110718,061927,399655
110718,062028,401448
110718,062128,401704
110718,062228,401960
110718,062328,402216
110718,062428,402472
110718,062528,402728
110718,062629,402985
110718,062729,403241
110718,062829,403497
110718,062929,403753
110718,063029,405545
110718,063129,405801
110718,063230,406064
110718,063330,406320
110718,063430,406576
